"","gswsvm3","gswsvm","svm","svmdc","clusterSVM","smotesvm","blsmotesvm","dbsmotesvm","smotedc","bayes"
"40",0.00531474589919589,NA,NA,NA,NA,NA,NA,NA,0.00256410256410262,NA
"50",0.00644287879096629,NA,NA,NA,NA,NA,NA,NA,0.00412087912087915,NA
"60",0.00679199153304053,NA,NA,NA,NA,NA,NA,NA,0.00862068965517243,NA
"70",0.022688736297258,NA,NA,NA,NA,NA,NA,NA,0.00812040979220342,NA
"80",0.0115404034765554,NA,NA,NA,NA,NA,NA,NA,0.0141450947885553,NA
"90",0.0100941160796269,NA,NA,NA,NA,NA,NA,NA,0.00512968267987628,NA
"100",0.0271366995591388,NA,NA,NA,NA,NA,NA,NA,0.0107955776077416,NA
