"","gswsvm3","gswsvm","svm","svmdc","clusterSVM","smotesvm","blsmotesvm","dbsmotesvm","smotedc","bayes"
"40",0.97868383192079,NA,NA,NA,NA,NA,NA,NA,0.967689651103242,NA
"50",0.983328690616619,NA,NA,NA,NA,NA,NA,NA,0.990486010238775,NA
"60",0.949789278940779,NA,NA,NA,NA,NA,NA,NA,0.939828600426373,NA
"70",0.95842886541461,NA,NA,NA,NA,NA,NA,NA,0.963036257362688,NA
"80",0.956962504662572,NA,NA,NA,NA,NA,NA,NA,0.95057124931354,NA
"90",0.951913353374608,NA,NA,NA,NA,NA,NA,NA,0.950532911212186,NA
"100",0.892516278395119,NA,NA,NA,NA,NA,NA,NA,0.913966772070465,NA
