"","gswsvm3","gswsvm","svm","svmdc","clusterSVM","smotesvm","blsmotesvm","dbsmotesvm","smotedc","bayes"
"40",0.0170838250733865,NA,NA,NA,NA,NA,NA,NA,0.0157024958605855,NA
"50",0.0180964776095601,NA,NA,NA,NA,NA,NA,NA,0.00212357398398467,NA
"60",0.0408762705388868,NA,NA,NA,NA,NA,NA,NA,0.0313644461668415,NA
"70",0.022171626263195,NA,NA,NA,NA,NA,NA,NA,0.0309295895029811,NA
"80",0.0267968690614164,NA,NA,NA,NA,NA,NA,NA,0.0215111913975771,NA
"90",0.0458585886183365,NA,NA,NA,NA,NA,NA,NA,0.0431671330436046,NA
"100",0.0847844402930968,NA,NA,NA,NA,NA,NA,NA,0.0592131948335552,NA
