"","gswsvm3","gswsvm","svm","svmdc","clusterSVM","smotesvm","blsmotesvm","dbsmotesvm","smotedc","bayes"
"40",0.990598290598291,NA,NA,NA,NA,NA,NA,NA,0.985042735042735,NA
"50",0.983516483516484,NA,NA,NA,NA,NA,NA,NA,0.981456043956044,NA
"60",0.984770114942529,NA,NA,NA,NA,NA,NA,NA,0.98132183908046,NA
"70",0.968163869693978,NA,NA,NA,NA,NA,NA,NA,0.97680157946693,NA
"80",0.964935064935065,NA,NA,NA,NA,NA,NA,NA,0.968614718614719,NA
"90",0.972650231124807,NA,NA,NA,NA,NA,NA,NA,0.986517719568567,NA
"100",0.946875,NA,NA,NA,NA,NA,NA,NA,0.967013888888889,NA
