"","gswsvm3","gswsvm","svm","svmdc","clusterSVM","smotesvm","blsmotesvm","dbsmotesvm","smotedc","bayes"
"40",0.00624390541054465,NA,NA,NA,NA,NA,NA,NA,0.00320305589184309,NA
"50",0.00631136044880787,NA,NA,NA,NA,NA,NA,NA,0.00420757363253855,NA
"60",0.00815923958536307,NA,NA,NA,NA,NA,NA,NA,0.00984936069914992,NA
"70",0.0239155218970515,NA,NA,NA,NA,NA,NA,NA,0.00863411219419546,NA
"80",0.0124749672397613,NA,NA,NA,NA,NA,NA,NA,0.0149616485886689,NA
"90",0.0109212000815712,NA,NA,NA,NA,NA,NA,NA,0.00552511569709973,NA
"100",0.0292128531114096,NA,NA,NA,NA,NA,NA,NA,0.0120938160979748,NA
