"","gswsvm3","gswsvm","svm","svmdc","clusterSVM","smotesvm","blsmotesvm","dbsmotesvm","smotedc","bayes"
"40",0.158784406074063,NA,NA,NA,NA,NA,NA,NA,0.0477216690609477,NA
"50",0.0977151582723526,NA,NA,NA,NA,NA,NA,NA,0.057172672061908,NA
"60",0.189105520926592,NA,NA,NA,NA,NA,NA,NA,0.187890527834904,NA
"70",0.215007558144071,NA,NA,NA,NA,NA,NA,NA,0.0888906348468482,NA
"80",0.0610691153137968,NA,NA,NA,NA,NA,NA,NA,0.0755787649042346,NA
"90",0.0874551421342239,NA,NA,NA,NA,NA,NA,NA,0.0914212757908028,NA
"100",0.0949947386885745,NA,NA,NA,NA,NA,NA,NA,0.051636711881391,NA
