"","gswsvm3","gswsvm","svm","svmdc","clusterSVM","smotesvm","blsmotesvm","dbsmotesvm","smotedc","bayes"
"40",0.767708550031204,NA,NA,NA,NA,NA,NA,NA,0.643840579710145,NA
"50",0.568274456521739,NA,NA,NA,NA,NA,NA,NA,0.530824372759857,NA
"60",0.578290343915344,NA,NA,NA,NA,NA,NA,NA,0.524164487067713,NA
"70",0.394077523353839,NA,NA,NA,NA,NA,NA,NA,0.400368736083022,NA
"80",0.276693922812254,NA,NA,NA,NA,NA,NA,NA,0.304489452627751,NA
"90",0.308945741758242,NA,NA,NA,NA,NA,NA,NA,0.475122282608696,NA
"100",0.18108813700919,NA,NA,NA,NA,NA,NA,NA,0.234043099931744,NA
