"","gswsvm","rbfsvm","linearsvm"
"20",0.577549173681435,0.176947590610829,0
