"","gswsvm","rbfsvm","linearsvm"
"20",0.00941539648741398,0.104423254690675,0
