"","gswsvm","rbfsvm","linearsvm"
"20",0.987804309541075,0.96402776338962,0.959349425049208
