"","gswsvm","rbfsvm","linearsvm"
"20",0.0184466196843155,0.085146931829632,0
