"","gswsvm","rbfsvm","linearsvm"
"20",0.00411807450491551,0.00346830460324715,9.79124674325368e-17
