"","gswsvm3","gswsvm","svm","svmdc","clusterSVM","smotesvm","blsmotesvm","dbsmotesvm","smotedc","bayes"
"10",0.00188060314145356,0.00940301570726794,NA,0,0.00376120628290711,0.0112836188487215,0.00940301570726786,0.0300896502632573,NA,0
"15",0.0228731491417861,0.00552646576501826,NA,0.000130388484474121,0.00977913633555859,0.0114541268668799,0.00202603645105931,0.0321708510731326,NA,0.0492718023060838
"20",0.0131642219901751,0,NA,0.0131642219901751,0.0150448251316287,0.00188060314145364,0.00564180942436075,0.0112836188487215,NA,0.00752241256581438
"25",0.021107889659675,0.00181039395750598,NA,0.00204108127619095,0.061974649658889,0.00740706890647182,0.0074321436150245,0.001745199715269,NA,0.0109526326958257
"30",0.190718233251946,0.00571703355001893,NA,0.0281137632293035,0.0186656130466406,0.0205963656051996,0.0281438528795668,0.0300294709627308,NA,0.0203857380533568
"35",0.000220657435263855,0.00570700366659781,NA,0.00179033419066374,0.109436058007467,0.00195582726711173,0.00180537901579538,0.011398962508064,NA,0.0166445915372919
"40",0.00564180942436075,0.00752241256581438,NA,0.0131642219901751,0.090268950789772,0.0112836188487215,0.00752241256581438,0,NA,0.0244478408388966
