"","gswsvm3","gswsvm","svm","svmdc","clusterSVM","smotesvm","blsmotesvm","dbsmotesvm","smotedc","bayes"
"10",0.0164566893519392,0.235702260395516,NA,0.050431789949491,0.0615798698330627,0.148110204167452,0.0122098017772452,0.0520243727900012,NA,0.0743205325571446
"15",0.106420753021387,0,NA,0.335816598423043,0.0201016977929286,0.209294147608727,0.073312074303622,0.0898664136625044,NA,0.078041885549017
"20",0.0157134840263677,0.0392837100659193,NA,0.00785674201318391,0.212132034355964,0.0903525331516144,0.125707872210942,0.0864241621450225,NA,0.0157134840263677
"25",0.106066017177982,0.265165042944955,NA,0.114904851942814,0.176776695296637,0.162045304021917,0.215078312610908,0.256326208180123,NA,0.103119738923038
"30",0.353553390593274,0,NA,0.058925565098879,0.0824957911384306,0.0471404520791032,0.318198051533946,0.14142135623731,NA,0.0942809041582064
"35",0.190374902627147,0,NA,0.0979070927796758,0.163178487966126,0.0108785658644084,0.0108785658644084,0.0435142634576337,NA,0.119664224508493
"40",0.164277333002935,0.157134840263677,NA,0.0357124636962903,0.157134840263677,0.242844753134774,0.114279883828129,0.107137391088871,NA,0.107137391088871
