"","gswsvm3","gswsvm","svm","svmdc","clusterSVM","smotesvm","blsmotesvm","dbsmotesvm","smotedc","bayes"
"10",0.00378522370286398,0.0166378066161541,NA,0.00609807513881162,0.00393246092955562,0.00398767488956492,0.012318847966533,0.0393430139488923,NA,0.0079692148946844
"15",0.0175628794677828,0,NA,0.0202948829405489,0.013522269289574,0.000241059129949976,0.000183664099009516,0.0299602061509235,NA,0.0577394011261093
"20",0.0153019310033307,0.00592547581999898,NA,0.0156681120933308,0.00723485062666549,0.0040612811799993,0.00187529103666636,0.00975373266999831,NA,0.00715717584999881
"25",0.0263366571716407,0.00787862708842954,NA,0.00614903928577564,0.0587077752572724,0.0017841489320751,9.82100329582416e-05,0.00805322270257754,NA,0.00714750795418465
"30",0.211203902744517,0,NA,0.0347725587451626,0.0210232602220909,0.0231169524618679,0.0212391047828926,0.029031093427836,NA,0.0181956964755879
"35",0.0047392357402232,0,NA,0.00167581083606993,0.113378743316782,0.00178255037976865,0.00564652186166236,0.0100014952445701,NA,0.0143244467643683
"40",0.00366341014626901,0,NA,0.01533987015138,0.100189516680383,0.0155932472220153,0.00780190229997925,0.00566403326649373,NA,0.0277659039904538
