"","gswsvm3","gswsvm","svm","svmdc","clusterSVM","smotesvm","blsmotesvm","dbsmotesvm","smotedc","bayes"
"10",0.849474474474474,0.166666666666667,NA,0.603228228228228,0.178678678678679,0.64527027027027,0.630255255255255,0.685435435435436,NA,0.836336336336336
"15",0.770903010033445,0,NA,0.454849498327759,0.101170568561873,0.582775919732441,0.486622073578595,0.62876254180602,NA,0.90133779264214
"20",0.711111111111111,0.0277777777777778,NA,0.605555555555556,0.15,0.286111111111111,0.311111111111111,0.338888888888889,NA,0.788888888888889
"25",0.675,0.1875,NA,0.48125,0.125,0.447916666666667,0.285416666666667,0.38125,NA,0.739583333333333
"30",0.75,0,NA,0.375,0.141666666666667,0.366666666666667,0.308333333333333,0.433333333333333,NA,0.733333333333333
"35",0.634615384615385,0,NA,0.469230769230769,0.115384615384615,0.392307692307692,0.392307692307692,0.430769230769231,NA,0.684615384615385
"40",0.338383838383838,0.111111111111111,NA,0.247474747474747,0.111111111111111,0.282828282828283,0.191919191919192,0.257575757575758,NA,0.742424242424242
