"","gswsvm3","gswsvm","svm","svmdc","clusterSVM","smotesvm","blsmotesvm","dbsmotesvm","smotedc","bayes"
"10",0.820478723404255,0.908244680851064,NA,0.896276595744681,0.819148936170213,0.888297872340426,0.886968085106383,0.86968085106383,NA,0.827127659574468
"15",0.853507092198582,0.934758865248227,NA,0.930758865248227,0.806914893617021,0.917432624113475,0.924099290780142,0.916081560283688,NA,0.834840425531915
"20",0.855053191489362,0.946808510638298,NA,0.9375,0.792553191489362,0.940159574468085,0.940159574468085,0.930851063829787,NA,0.805851063829787
"25",0.790925531914894,0.961386524822695,NA,0.916109929078014,0.910843971631206,0.933429078014184,0.946744680851064,0.926765957446809,NA,0.816255319148936
"30",0.721524822695035,0.964042553191489,NA,0.92945390070922,0.91213475177305,0.937436170212766,0.945432624113475,0.946765957446808,NA,0.825585106382979
"35",0.882822695035461,0.969368794326241,NA,0.950734042553191,0.885382978723404,0.961382978723404,0.958723404255319,0.94672695035461,NA,0.838897163120567
"40",0.93218085106383,0.976063829787234,NA,0.950797872340426,0.906914893617021,0.946808510638298,0.960106382978723,0.946808510638298,NA,0.8125
