"","gswsvm3","gswsvm","svm","svmdc","clusterSVM","smotesvm","blsmotesvm","dbsmotesvm","smotedc","bayes"
"10",0.333371877890842,NA,NA,0.473330241187384,0.144630192502533,0.445175438596491,0.443784786641929,0.408851422550053,NA,0.340647661915479
"15",0.278464818763326,NA,NA,0.442307692307692,0.0478571428571429,0.398790322580645,0.425641025641026,0.423890063424947,NA,0.278762437810945
"20",0.217128916281459,NA,NA,0.42741935483871,0.0454545454545455,0.372549019607843,0.378151260504202,0.329573934837093,NA,0.178738483345145
"25",0.124427917620137,NA,NA,0.239495798319328,0.222222222222222,0.293636363636364,0.309659090909091,0.234119782214156,NA,0.150461380724539
"30",0.0996732026143791,NA,NA,0.256696428571429,0.0968045112781955,0.28,0.313492063492063,0.391025641025641,NA,0.140289855072464
"35",0.154857397504456,NA,NA,0.301857585139319,0.0230769230769231,0.375,0.351190476190476,0.26969696969697,NA,0.124141198768064
"40",0.154150197628458,NA,NA,0.208823529411765,NA,0.163636363636364,0.208333333333333,0.165158371040724,NA,0.0983475479744136
