"","gswsvm3","gswsvm","svm","svmdc","clusterSVM","smotesvm","blsmotesvm","dbsmotesvm","smotedc","bayes"
"10",0.00614223347534141,0.403416779570726,NA,0.028829250042505,0.0682910772061019,0.0867893860787858,0.00224123141826618,0.0123775424107289,NA,0.0329459958860774
"15",0.0645437496126245,0,NA,0.24709753808859,0.0316290089871659,0.133925475326746,0.0513432751945626,0.0671515823309598,NA,0.00739583530643838
"20",0.00170826286171114,0.165966873512946,NA,0.00130376652563198,0.353155916166777,0.0828248457801517,0.112879560384662,0.0759953774778534,NA,0.0114839895449834
"25",0.0455580641028187,0.430593617590588,NA,0.0781589759970924,0.351082686734608,0.119857566460359,0.206847307404366,0.206205447712379,NA,0.0577296999376007
"30",0.0677257147773205,0,NA,0.0360682103454801,0.112712858711473,0.0452910813657839,0.312775866456597,0.115924910984905,NA,0.0587147179938039
"35",0.111387795760899,0,NA,0.071002442842334,0.309229056582276,0.00803062036096474,0.00679341790619276,0.029206353217989,NA,0.0729784397276133
"40",0.140704215713183,0.333333333333333,NA,0.0392660631375749,0.308816850918864,0.232702723524223,0.130602205021261,0.103452559923555,NA,0.0429251510880661
