"","gswsvm3","gswsvm","svm","svmdc","clusterSVM","smotesvm","blsmotesvm","dbsmotesvm","smotedc","bayes"
"10",0.00506945194652707,NA,NA,0.0055755172913596,0.0361792223403451,0.0403174919097593,0.0362080652333001,0.0745107250986879,NA,0.00486257476434863
"15",0.0705599090821544,NA,NA,0.0815892439830632,0.0171725932573876,0.10777675939053,0.0580190179435116,0.171918139189118,NA,0.070139012188591
"20",0.028509441357547,NA,NA,0.102644532752886,0.0642824346533225,0.0554593553871802,0.130725623412639,0.129370413600546,NA,0.0198450946385452
"25",0.00849498993416333,NA,NA,0.0356524427489016,0.314269680527354,0.0938523545938509,0.18079434746247,0.107798492957659,NA,0.0291204262245314
"30",0.0161756453212609,NA,NA,0.142052701577655,0.0863946255209128,0.169705627484771,0.364777307754965,0.317291504378579,NA,0.0475503690537041
"35",0.0582953451512974,NA,NA,0.0941349584861348,0.0326356975932253,0.058925565098879,0.0925973165839527,0.00428549564355482,NA,0.0489161762867737
"40",0.0894364308220139,NA,NA,0.128943001275194,NA,0.0899954085146515,0.058925565098879,0.0159978909770712,NA,0.0124384455112772
