"","gswsvm","rbfsvm","linearsvm"
"5",0.0115424482680861,0.0887652806285002,0
