"","gswsvm","rbfsvm","linearsvm"
"5",0.982006630063193,0.971946545115508,0.959349425049208
