"","gswsvm","rbfsvm","linearsvm"
"5",0.0072207843110176,0.00465424009891317,9.79124674325368e-17
