"","gswsvm","rbfsvm","linearsvm"
"5",0.0258198889747161,0.11438239957849,0
