"","gswsvm","rbfsvm","linearsvm"
"5",0.578606067185473,0.316925757672059,0
