"","gswsvm3","gswsvm","svm","svmdc","clusterSVM","smotesvm","blsmotesvm","dbsmotesvm","smotedc","bayes"
"10",0.0384017190579909,0.0333014102670782,0.0121521070859518,NA,NA,NA,NA,NA,0.0617072635090117,0.0188070915946165
