"","gswsvm3","gswsvm","svm","svmdc","clusterSVM","smotesvm","blsmotesvm","dbsmotesvm","smotedc","bayes"
"10",0.03264459473362,0.0233827431416083,0.0108838564018847,NA,NA,NA,NA,NA,0.0462825818209221,0.0211068288103338
