"","gswsvm3","gswsvm","svm","svmdc","clusterSVM","smotesvm","blsmotesvm","dbsmotesvm","smotedc","bayes"
"10",0.0361871952227438,0.0638808081663147,0.0131343453520118,NA,NA,NA,NA,NA,0.0553400838721195,0.0177959625636363
