"","gswsvm3","gswsvm","svm","svmdc","clusterSVM","smotesvm","blsmotesvm","dbsmotesvm","smotedc","bayes"
"10",0.0313524384791079,0.0496310965064189,0.0108623194315834,NA,NA,NA,NA,NA,0.0427087313782455,0.0196250300425442
