"","gswsvm","rbfsvm","linearsvm"
"1",0.00606382165678414,0.00066926511326317,0
