"","gswsvm","rbfsvm","linearsvm"
"1",0.00717004480311182,0.0618828055247197,0
