"","gswsvm","rbfsvm","linearsvm"
"1",0.0205818150587141,0.125968470481925,0
