"","gswsvm","rbfsvm","linearsvm"
"1",0.579276828280867,0.451153123676082,0
