"","gswsvm","rbfsvm","linearsvm"
"1",0.980686833108878,0.982004558168445,0.959349425049208
