"","gswsvm","rbfsvm","linearsvm"
"1",0.00555426640708695,0.00532226122855814,9.79124674325368e-17
