"","gswsvm","rbfsvm","linearsvm"
"15",0.0205818150587141,0.146154408455958,0
