"","gswsvm","rbfsvm","linearsvm"
"15",0.578902473615309,0.258401609657493,0
