"","gswsvm","rbfsvm","linearsvm"
"15",0.984757070340827,0.96870299388791,0.959349425049208
