"","gswsvm","rbfsvm","linearsvm"
"15",0.00451586836633317,0.00594651980561108,9.79124674325368e-17
