"","gswsvm","rbfsvm","linearsvm"
"15",0.0106026548293943,0.124135089100819,0
