"","gswsvm","rbfsvm","linearsvm"
"24.6",0.0110419393486656,0.11342392296642,0
