"","gswsvm","rbfsvm","linearsvm"
"24.6",0.00379341180824943,0.00332190919560673,9.79124674325368e-17
