"","gswsvm","rbfsvm","linearsvm"
"24.6",0.576536537750229,0.157026936211592,0
