"","gswsvm","rbfsvm","linearsvm"
"24.6",0.0275126233653652,0.0816496580927726,0
