"","gswsvm","rbfsvm","linearsvm"
"24.6",0.987599191961048,0.963415518491661,0.959349425049208
