"","gswsvm","rbfsvm","linearsvm"
"2",0.0275126233653652,0.140064469283097,0
