"","gswsvm","rbfsvm","linearsvm"
"2",0.0068889533039955,0.00134316985994077,0
