"","gswsvm","rbfsvm","linearsvm"
"2",0.983018750647467,0.981701543561587,0.959349425049208
