"","gswsvm","rbfsvm","linearsvm"
"2",0.577744692610258,0.460515748375968,0
