"","gswsvm","rbfsvm","linearsvm"
"2",0.00795371716241269,0.04792143933647,0
