"","gswsvm","rbfsvm","linearsvm"
"2",0.0062837000776889,0.00584457410100666,9.79124674325368e-17
