"","gswsvm","rbfsvm","linearsvm"
"10",0.982826582409614,0.967477986118305,0.959349425049208
