"","gswsvm","rbfsvm","linearsvm"
"10",0.00447940155221134,0.00505158235756431,9.79124674325368e-17
