"","gswsvm","rbfsvm","linearsvm"
"10",0.577456644751959,0.244517456852213,0
