"","gswsvm","rbfsvm","linearsvm"
"10",0.0184466196843155,0.124163870214595,0
