"","gswsvm","rbfsvm","linearsvm"
"10",0.00992900287667668,0.105530815521039,0
